id,code,language
dec3cd97-ad05-4842-a478-5b6c2106ba96,en,English
b9b58be4-fab0-47a5-8c9d-b6ab1f9537bc,zh,Chinese (Mandarin)
f28b9ae6-e82b-4806-8739-c43207d3f01f,hi,Hindi
b09c6fd8-1b1a-43c7-913f-8ee065149a36,es,Spanish
5d6aca90-7dc6-4adb-8d1c-4edbc27d7781,fr,French
34719ef6-7819-4113-a7ff-c11e39645898,ar,Arabic
18e55443-f186-45e6-8b12-9f7c8ad49823,bn,Bengali
7a46fa70-9354-4894-961c-780d3ff2e1b7,pt,Portuguese
5966757a-863c-4b76-a7b6-4a952ccd883f,ru,Russian
6d9b381a-8857-4943-94ca-3e0103beab12,ur,Urdu
ceb437dd-8f22-45c1-9b28-1bf768bb4d08,id,Indonesian
ac01e2d3-7a9f-416a-b720-ab349deba209,de,German
76013f1c-ed86-4226-b8a0-9779fe9a58c4,ja,Japanese
db06bd6c-aa37-42a3-9684-2471ce25c36f,sw,Swahili
cc203d31-2341-494c-8e01-541b50ca43bb,mr,Marathi
f01bb6c7-f858-4ebf-a8ae-e8b2a0e10e90,te,Telugu
ef142015-df1b-435c-ac31-26c75072f6c0,tr,Turkish
ce88e689-19bd-4436-bb6e-edb9fc0888a9,ta,Tamil
5ced30f4-14a0-464f-a47a-f8812b5866c3,ko,Korean
1edf67c9-10ce-4230-acdf-518fe5fb3ffd,vi,Vietnamese
ab9a24c1-a2df-4283-b756-010eb6e04517,fa,Persian
2d3a1d8d-26ab-484e-bdfb-aa0403b306f7,it,Italian
698ae069-a136-4c88-9dd9-2dbdf0b6babd,th,Thai
f95cebce-fe3c-4e07-8656-bd14c37d92fb,gu,Gujarati
cc95622f-f28b-4dd3-981c-15026b0bf8aa,pl,Polish
d35c9429-757d-433b-b9ce-1d9dc9613bbf,uk,Ukrainian
668a340a-e869-4c39-93a7-6df666a14f8a,ml,Malayalam
2f708929-a061-4a26-84aa-650310dfad5a,kn,Kannada
db693a30-3a0a-4ee6-9043-ba1c2febc76f,or,Odia
71aee7dc-acf6-4265-a154-4df207f20017,pa,Punjabi
b1b14ce1-bbad-468a-8fea-9cf5eb981e52,ro,Romanian
1487b08e-e0e6-46a9-81fb-d540575ee3fd,nl,Dutch
e9ab6ae3-deed-4974-8f33-186d170fd55b,el,Greek
607792b4-0ef0-4511-b8f2-cda6501f8f18,cs,Czech
5eadbad9-0738-410c-9387-ef0da1d66ccf,hu,Hungarian
c24327a4-42ad-4c40-bbaf-fe0a5d7724ce,sv,Swedish
da39d4c8-0b76-4391-864f-a13e1abec76d,fi,Finnish
5f7327bc-61b6-4f82-83da-26813366b331,da,Danish
f27aa9c8-e861-4281-9c76-b79ad21d80d2,no,Norwegian
732dee79-c5ea-4dbf-914c-7c2559b4370c,he,Hebrew
33bb503a-2960-48ee-8b92-c60455b69ebb,ms,Malay
38fa3e96-0f07-40bb-a08c-4e4a72d21f7b,am,Amharic
24c1f146-30d8-444d-b22b-030cc70c921d,ha,Hausa
19855d61-9650-4ed6-b97e-90ab63aebb38,yo,Yoruba
fab9f0d6-3ed8-4f40-a672-eae7e7930136,ig,Igbo
a4a14c0b-ca3e-4e90-9151-9033da230e54,zu,Zulu
2cb8e92d-087f-40cc-bc17-6870ca71ab92,my,Burmese
6b7431df-8ece-493b-bb13-811fa3ce5ded,si,Sinhala
3dd72d26-7d5c-46be-981f-260b1beaf7d3,ne,Nepali
b2fdd084-b67b-4266-bbf2-74a47e3a59f4,sr,Serbian